0612,saint nicolas
1000,brussel
1000,brussels
1000,bruxelles
1000,bruxelles 1
1005,assemblee reunie de la commission communautaire
1006,raad van de vlaamse gemeenschapscommissie
1007,assemblee de la commission communautaire francaise
1008,chambre des representants
1009,senat de belgique
1011,vlaams parlement
1012,parlement de la communaute francaise
1020,brussel 2
1020,bruxelles 2
1020,laeken
1030,brussel 3
1030,bruxelles 3
1030,schaarbeek
1030,schaerbeek
1031,organisations sociales chretiennes
1033,rtl tvi
1035,ministere de la region de bruxelles capitale
1040,brussel 4
1040,bruxelles 4
1040,etterbeek
1041,international press center
1043,vrt
1044,rtbf
1046,european external action service
1047,parlement europeen
1048,union europeenne conseil
1049,union europeenne commission
1050,brussel 5
1050,bruxelles 5
1050,elsene
1050,ixelles
1060,brussel 6
1060,bruxelles 6
1060,saint gilles
1060,sint gillis
1070,anderlecht
1070,brussel 7
1070,bruxelles 7
1080,brussel 8
1080,bruxelles 8
1080,molenbeek saint jean
1080,sint agatha berchem
1080,sint jans molenbeek
1081,koekelberg
1082,berchem sainte agathe
1083,ganshoren
1090,brussel 9
1090,bruxelles 9
1090,jette
1099,bruxelles x
1100,postcheque
1101,scanning
1105,soc
1110,otan
1120,brussel 12
1120,bruxelles 12
1120,neder over heembeek
1130,brussel 13
1130,bruxelles 13
1130,haren
1140,brussel 14
1140,bruxelles 14
1140,evere
1150,brussel 15
1150,bruxelles 15
1150,sint pieters woluwe
1150,woluwe saint pierre
1160,auderghem
1160,brussel 16
1160,bruxelles 16
1160,oudergem
1170,brussel 17
1170,bruxelles 17
1170,watermaal bosvoorde
1170,watermael boitsfort
1180,brussel 18
1180,bruxelles 18
1180,uccle
1180,ukkel
1190,brussel 19
1190,bruxelles 19
1190,forest
1190,vorst
1200,brussel 20
1200,bruxelles 20
1200,sint lambrechts woluwe
1200,woluwe saint lambert
1210,brussel 21
1210,bruxelles 21
1210,saint josse ten noode
1210,sint joost ten node
1212,spf mobilite
1300,limal
1300,wavre
1301,bierges
1310,la hulpe
1315,glimes
1315,incourt
1315,opprebais
1315,pietrebais
1315,roux miroir
1320,beauvechain
1320,hamme mille
1320,l ecluse
1320,nodebais
1320,tourinnes la grosse
1325,bonlez
1325,chaumont gistoux
1325,corroy le grand
1325,dion valmont
1325,longueville
1330,rixensart
1331,rosieres
1332,genval
1340,ottignies
1340,ottignies louvain la neuve
1341,ceroux mousty
1342,limelette
1348,louvain la neuve
1350,enines
1350,folx les caves
1350,jandrain jandrenouille
1350,jauche
1350,marilles
1350,noduwez
1350,orp jauche
1350,orp le grand
1357,helecine
1357,linsmeau
1357,neerheylissem
1357,opheylissem
1360,maleves sainte marie wastines
1360,maleves ste marie wastines
1360,orbais
1360,perwez
1360,thorembais les beguines
1360,thorembais saint trond
1367,autre eglise
1367,bomal
1367,bomal bt 
1367,geest gerompont petit rosiere
1367,geest gerompont pt rosiere
1367,gerompont
1367,grand rosiere hottomont
1367,huppaye
1367,mont saint andre
1367,ramillies
1370,dongelberg
1370,jauchelette
1370,jodoigne
1370,jodoigne souveraine
1370,lathuy
1370,melin
1370,pietrain
1370,saint jean geest
1370,saint remy geest
1370,zetrud lumay
1380,couture saint germain
1380,lasne
1380,lasne chapelle saint lambert
1380,lasne chapelle st lambert
1380,maransart
1380,ohain
1380,plancenoit
1390,archennes
1390,biez
1390,bossut gottechain
1390,grez doiceau
1390,nethen
1400,monstreux
1400,nivelles
1401,baulers
1402,thines
1404,bornival
1410,waterloo
1420,braine l alleud
1421,ophain bois seigneur isaac
1428,lillois witterzee
1430,bierghes
1430,quenast
1430,rebecq
1430,rebecq rognon
1435,corbais
1435,hevillers
1435,mont saint guibert
1440,braine le chateau
1440,wauthier braine
1450,chastre
1450,chastre villeroux blanmont
1450,cortil noirmont
1450,gentinnes
1450,saint gery
1457,nil saint vincent saint martin
1457,nil st vincent st martin
1457,tourinnes saint lambert
1457,walhain
1457,walhain saint paul
1460,ittre
1460,virginal samme
1461,haut ittre
1470,baisy thy
1470,bousval
1470,genappe
1471,loupoigne
1472,vieux genappe
1473,glabais
1474,ways
1476,houtain le val
1480,clabecq
1480,oisquercq
1480,saintes
1480,tubize
1490,court saint etienne
1495,marbais
1495,marbais bt 
1495,mellery
1495,sart dames avelines
1495,tilly
1495,villers la ville
1500,halle
1501,buizingen
1502,lembeek
1540,herfelingen
1540,herne
1541,sint pieters kapelle
1541,sint pieters kapelle bt 
1547,bever
1547,bievene
1560,hoeilaart
1570,galmaarden
1570,tollembeek
1570,vollezele
1600,oudenaken
1600,sint laureins berchem
1600,sint pieters leeuw
1601,ruisbroek
1601,ruisbroek bt 
1602,vlezenbeek
1620,drogenbos
1630,linkebeek
1640,rhode saint genese
1640,sint genesius rode
1650,beersel
1651,lot
1652,alsemberg
1653,dworp
1654,huizingen
1670,bogaarden
1670,heikruis
1670,pepingen
1671,elingen
1673,beert
1674,bellingen
1700,dilbeek
1700,sint martens bodegem
1700,sint ulriks kapelle
1701,itterbeek
1702,groot bijgaarden
1703,schepdaal
1730,asse
1730,bekkerzeel
1730,kobbegem
1730,mollem
1731,relegem
1731,zellik
1733,highco data
1740,ternat
1741,wambeek
1742,sint katherina lombeek
1745,mazenzele
1745,opwijk
1750,gaasbeek
1750,lennik
1750,sint kwintens lennik
1750,sint martens lennik
1755,gooik
1755,kester
1755,leerbeek
1755,oetingen
1760,onze lieve vrouw lombeek
1760,pamel
1760,roosdaal
1760,strijtem
1761,borchtlombeek
1770,liedekerke
1780,wemmel
1785,brussegem
1785,hamme
1785,hamme bt 
1785,merchtem
1790,affligem
1790,essene
1790,hekelgem
1790,teralfene
1800,peutie
1800,vilvoorde
1804,cargovil
1818,vtm
1820,melsbroek
1820,perk
1820,steenokkerzeel
1830,machelen
1830,machelen bt 
1831,diegem
1840,londerzeel
1840,malderen
1840,steenhuffel
1850,grimbergen
1851,humbeek
1852,beigem
1853,strombeek bever
1860,meise
1861,wolvertem
1880,kapelle op den bos
1880,nieuwenrode
1880,ramsdonk
1910,berg
1910,berg bt 
1910,buken
1910,kampenhout
1910,nederokkerzeel
1930,nossegem
1930,zaventem
1931,brucargo
1932,sint stevens woluwe
1933,sterrebeek
1934,office exchange brussels airport remailing
1935,corporate village
1950,kraainem
1970,wezembeek oppem
1980,eppegem
1980,zemst
1981,hofstade
1981,hofstade bt 
1982,elewijt
1982,weerde
2000,antwerpen
2000,antwerpen 1
2018,antwerpen
2018,antwerpen 1
2020,antwerpen
2020,antwerpen 2
2030,antwerpen
2030,antwerpen 3
2040,antwerpen
2040,antwerpen 4
2040,berendrecht
2040,lillo
2040,zandvliet
2050,antwerpen
2050,antwerpen 5
2060,antwerpen
2060,antwerpen 6
2070,burcht
2070,zwijndrecht
2075,csm antwerpen x
2099,antwerpen x
2100,deurne
2100,deurne antwerpen 
2110,wijnegem
2140,borgerhout
2140,borgerhout antwerpen 
2150,borsbeek
2150,borsbeek antw 
2160,wommelgem
2170,merksem
2170,merksem antwerpen 
2180,ekeren
2180,ekeren antwerpen 
2200,herentals
2200,morkhoven
2200,noorderwijk
2220,hallaar
2220,heist op den berg
2221,booischot
2222,itegem
2222,wiekevorst
2223,schriek
2230,herselt
2230,ramsel
2235,houtvenne
2235,hulshout
2235,westmeerbeek
2240,massenhoven
2240,viersel
2240,zandhoven
2242,pulderbos
2243,pulle
2250,olen
2260,oevel
2260,tongerlo
2260,tongerlo antw 
2260,westerlo
2260,zoerle parwijs
2270,herenthout
2275,gierle
2275,lille
2275,poederlee
2275,wechelderzande
2280,grobbendonk
2288,bouwel
2290,vorselaar
2300,turnhout
2310,rijkevorsel
2320,hoogstraten
2321,meer
2322,minderhout
2323,wortel
2328,meerle
2330,merksplas
2340,beerse
2340,vlimmeren
2350,vosselaar
2360,oud turnhout
2370,arendonk
2380,ravels
2381,weelde
2382,poppel
2387,baarle hertog
2390,malle
2390,oostmalle
2390,westmalle
2400,mol
2430,eindhout
2430,laakdal
2430,vorst
2430,vorst kempen 
2431,varendonk
2431,veerle
2440,geel
2450,meerhout
2460,kasterlee
2460,lichtaart
2460,tielen
2470,retie
2480,dessel
2490,balen
2491,olmen
2500,koningshooikt
2500,lier
2520,broechem
2520,emblem
2520,oelegem
2520,ranst
2530,boechout
2531,vremde
2540,hove
2547,lint
2550,kontich
2550,waarloos
2560,bevel
2560,kessel
2560,nijlen
2570,duffel
2580,beerzel
2580,putte
2590,berlaar
2590,gestel
2600,berchem
2600,berchem antwerpen 
2610,wilrijk
2610,wilrijk antwerpen 
2620,hemiksem
2627,schelle
2630,aartselaar
2640,mortsel
2650,edegem
2660,hoboken
2660,hoboken antwerpen 
2800,mechelen
2800,walem
2801,heffen
2811,hombeek
2811,leest
2812,muizen
2812,muizen mechelen 
2820,bonheiden
2820,rijmenam
2830,blaasveld
2830,heindonk
2830,tisselt
2830,willebroek
2840,reet
2840,rumst
2840,terhagen
2845,niel
2850,boom
2860,sint katelijne waver
2861,onze lieve vrouw waver
2870,breendonk
2870,liezele
2870,puurs
2870,ruisbroek
2870,ruisbroek antw 
2880,bornem
2880,hingene
2880,mariekerke
2880,mariekerke bornem 
2880,weert
2890,lippelo
2890,oppuurs
2890,sint amands
2900,schoten
2910,essen
2920,kalmthout
2930,brasschaat
2940,hoevenen
2940,stabroek
2950,kapellen
2950,kapellen antw 
2960,brecht
2960,sint job in t goor
2960,sint lenaarts
2960,sint lenaerts
2970,schilde
2970, s gravenwezel
2970,s gravenwezel
2980,halle
2980,halle kempen 
2980,zoersel
2990,loenhout
2990,wuustwezel
3000,leuven
3001,heverlee
3010,kessel lo
3012,wilsele
3018,wijgmaal
3018,wijgmaal bt 
3020,herent
3020,veltem beisem
3020,winksele
3040,huldenberg
3040,loonbeek
3040,neerijse
3040,ottenburg
3040,sint agatha rode
3050,oud heverlee
3051,sint joris weert
3052,blanden
3053,haasrode
3054,vaalbeek
3060,bertem
3060,korbeek dijle
3061,leefdaal
3070,kortenberg
3071,erps kwerps
3078,everberg
3078,meerbeek
3080,duisburg
3080,tervuren
3080,vossem
3090,overijse
3110,rotselaar
3111,wezemaal
3118,werchter
3120,tremelo
3128,baal
3130,begijnendijk
3130,betekom
3140,keerbergen
3150,haacht
3150,tildonk
3150,wespelaar
3190,boortmeerbeek
3191,hever
3200,aarschot
3200,gelrode
3201,langdorp
3202,rillaar
3210,linden
3210,lubbeek
3211,binkom
3212,pellenberg
3220,holsbeek
3220,kortrijk dutsel
3220,sint pieters rode
3221,nieuwrode
3270,scherpenheuvel
3270,scherpenheuvel zichem
3271,averbode
3271,zichem
3272,messelbroek
3272,testelt
3290,deurne
3290,deurne bt 
3290,diest
3290,schaffen
3290,webbekom
3293,kaggevinne
3294,molenstede
3300,bost
3300,goetsenhoven
3300,hakendover
3300,kumtich
3300,oorbeek
3300,oplinter
3300,sint margriete houtem
3300,st margriete houtem tien 
3300,tienen
3300,vissenaken
3320,hoegaarden
3320,meldert
3320,meldert bt 
3321,outgaarden
3350,drieslinter
3350,linter
3350,melkwezer
3350,neerhespen
3350,neerlinter
3350,orsmaal gussenhoven
3350,overhespen
3350,wommersom
3360,bierbeek
3360,korbeek lo
3360,lovenjoel
3360,opvelp
3370,boutersem
3370,kerkom
3370,neervelp
3370,roosbeek
3370,vertrijk
3370,willebringen
3380,bunsbeek
3380,glabbeek
3380,glabbeek zuurbemde 
3381,kapellen
3381,kapellen bt 
3384,attenrode
3390,houwaart
3390,sint joris winge
3390,tielt
3390,tielt bt 
3390,tielt winge
3391,meensel kiezegem
3400,eliksem
3400,ezemaal
3400,laar
3400,landen
3400,neerwinden
3400,overwinden
3400,rumsdorp
3400,wange
3401,waasmont
3401,walsbets
3401,walshoutem
3401,wezeren
3404,attenhoven
3404,neerlanden
3440,budingen
3440,dormaal
3440,halle booienhoven
3440,helen bos
3440,zoutleeuw
3450,geetbets
3450,grazen
3454,rummen
3460,assent
3460,bekkevoort
3461,molenbeek wersbeek
3470,kortenaken
3470,ransberg
3470,sint margriete houtem
3470,st margriete kortenaken 
3471,hoeleden
3472,kersbeek miskom
3473,waanrode
3500,hasselt
3500,sint lambrechts herk
3501,wimmertingen
3510,kermt
3510,spalbeek
3511,kuringen
3511,stokrooie
3512,stevoort
3520,zonhoven
3530,helchteren
3530,houthalen
3530,houthalen helchteren
3540,berbroek
3540,donk
3540,herk de stad
3540,schulen
3545,halen
3545,loksbergen
3545,zelem
3550,heusden
3550,heusden limb 
3550,heusden zolder
3550,zolder
3560,linkhout
3560,lummen
3560,meldert
3560,meldert limb 
3570,alken
3580,beringen
3581,beverlo
3582,koersel
3583,paal
3590,diepenbeek
3600,genk
3620,gellik
3620,lanaken
3620,neerharen
3620,veldwezelt
3621,rekem
3630,eisden
3630,leut
3630,maasmechelen
3630,mechelen aan de maas
3630,meeswijk
3630,opgrimbie
3630,vucht
3631,boorsem
3631,uikhoven
3640,kessenich
3640,kinrooi
3640,molenbeersel
3640,ophoven
3650,dilsen
3650,dilsen stokkem
3650,elen
3650,lanklaar
3650,rotem
3650,stokkem
3660,opglabbeek
3665,as
3668,niel bij as
3670,ellikom
3670,gruitrode
3670,meeuwen
3670,meeuwen gruitrode
3670,neerglabbeek
3670,wijshagen
3680,maaseik
3680,neeroeteren
3680,opoeteren
3690,zutendaal
3700,berg
3700,berg limb 
3700,diets heur
3700,haren
3700,haren tongeren 
3700,henis
3700,kolmont
3700,kolmont tongeren 
3700,koninksem
3700,lauw
3700,mal
3700,neerrepen
3700,nerem
3700,overrepen
3700,piringen
3700,riksingen
3700,rutten
3700, s herenelderen
3700,s herenelderen
3700,sluizen
3700,tongeren
3700,vreren
3700,widooie
3717,herstappe
3720,kortessem
3721,vliermaalroot
3722,wintershoven
3723,guigoven
3724,vliermaal
3730,hoeselt
3730,romershoven
3730,sint huibrechts hern
3730,werm
3732,schalkhoven
3740,beverst
3740,bilzen
3740,eigenbilzen
3740,grote spouwen
3740,hees
3740,kleine spouwen
3740,mopertingen
3740,munsterbilzen
3740,rijkhoven
3740,rosmeer
3740,waltwilder
3742,martenslinde
3746,hoelbeek
3770,genoelselderen
3770,herderen
3770,kanne
3770,membruggen
3770,millen
3770,riemst
3770,val meer
3770,vlijtingen
3770,vroenhoven
3770,zichen zussen bolder
3790,fourons
3790,fouron saint martin
3790,moelingen
3790,mouland
3790,sint martens voeren
3790,voeren
3791,remersdaal
3792,fouron saint pierre
3792,sint pieters voeren
3793,teuven
3798,fouron le comte
3798,s gravenvoeren
3800,aalst
3800,aalst limb 
3800,brustem
3800,engelmanshoven
3800,gelinden
3800,groot gelmen
3800,halmaal
3800,kerkom bij sint truiden
3800,ordingen
3800,sint truiden
3800,zepperen
3803,duras
3803,gorsem
3803,runkelen
3803,wilderen
3806,velm
3830,berlingen
3830,wellen
3831,herten
3832,ulbeek
3840,bommershoven
3840,borgloon
3840,broekom
3840,gors opleeuw
3840,gotem
3840,groot loon
3840,haren
3840,haren borgloon 
3840,hendrieken
3840,hoepertingen
3840,jesseren
3840,kerniel
3840,kolmont
3840,kolmont borgloon 
3840,kuttekoven
3840,rijkel
3840,voort
3850,binderveld
3850,kozen
3850,nieuwerkerken
3850,nieuwerkerken limb 
3850,wijer
3870,batsheers
3870,bovelingen
3870,gutschoven
3870,gutshoven
3870,heers
3870,heks
3870,horpmaal
3870,klein gelmen
3870,mechelen bovelingen
3870,mettekoven
3870,opheers
3870,rukkelingen loon
3870,vechmaal
3870,veulen
3890,boekhout
3890,gingelom
3890,jeuk
3890,kortijs
3890,montenaken
3890,niel bij sint truiden
3890,vorsen
3891,borlo
3891,buvingen
3891,mielen boven aalst
3891,muizen
3891,muizen limb 
3900,overpelt
3910,neerpelt
3910,sint huibrechts lille
3920,lommel
3930,achel
3930,hamont
3930,hamont achel
3940,hechtel
3940,hechtel eksel
3941,eksel
3945,ham
3945,kwaadmechelen
3945,oostham
3950,bocholt
3950,kaulille
3950,reppel
3960,beek
3960,bree
3960,gerdingen
3960,opitter
3960,tongerlo
3960,tongerlo limb 
3970,leopoldsburg
3971,heppen
3980,tessenderlo
3990,grote brogel
3990,kleine brogel
3990,peer
3990,wijchmaal
4000,glain
4000,liege
4000,liege 1
4000,rocourt
4012,roquefort
4020,bressoux
4020,jupille sur meuse
4020,liege
4020,liege 2
4020,wandre
4030,grivegnee
4030,grivegnee liege 
4031,angleur
4032,chenee
4040,herstal
4041,milmort
4041,vottem
4042,liers
4050,chaudfontaine
4051,vaux sous chevremont
4052,beaufays
4053,embourg
4075,csm liege x
4099,liege x
4100,boncelles
4100,seraing
4101,jemeppe sur meuse
4102,ougree
4120,ehein
4120,ehein neupre 
4120,neupre
4120,rotheux rimiere
4121,neuville en condroz
4122,plainevaux
4130,esneux
4130,tilff
4140,dolembreux
4140,gomze andoumont
4140,rouvreux
4140,sprimont
4141,louveigne
4141,louveigne sprimont 
4160,anthisnes
4161,villers aux tours
4162,hody
4163,tavier
4170,comblain au pont
4171,poulseur
4180,comblain fairon
4180,comblain la tour
4180,hamoir
4181,filot
4190,ferrieres
4190,my
4190,vieuxville
4190,werbomont
4190,xhoris
4210,burdinne
4210,hanneche
4210,lamontzee
4210,marneffe
4210,oteppe
4217,heron
4217,lavoir
4217,waret l eveque
4218,couthuin
4219,acosse
4219,ambresin
4219,meeffe
4219,wasseiges
4250,boelhe
4250,geer
4250,hollogne sur geer
4250,lens saint servais
4252,omal
4253,darion
4254,ligney
4257,berloz
4257,corswarem
4257,rosoux crenwick
4260,avennes
4260,braives
4260,ciplet
4260,fallais
4260,fumal
4260,ville en hesbaye
4261,latinne
4263,tourinne
4263,tourinne lg 
4280,abolens
4280,avernas le bauduin
4280,avin
4280,bertree
4280,blehen
4280,cras avernas
4280,crehen
4280,grand hallet
4280,hannut
4280,lens saint remy
4280,merdorp
4280,moxhe
4280,petit hallet
4280,poucet
4280,thisnes
4280,trognee
4280,villers le peuplier
4280,wansin
4287,lincent
4287,pellaines
4287,racour
4300,bettincourt
4300,bleret
4300,bovenistier
4300,grand axhe
4300,lantremange
4300,oleye
4300,waremme
4317,aineffe
4317,borlez
4317,celles
4317,celles lg 
4317,faimes
4317,les waleffes
4317,viemme
4340,awans
4340,fooz
4340,othee
4340,villers l eveque
4342,hognoul
4347,fexhe le haut clocher
4347,freloux
4347,noville
4347,noville lg 
4347,roloux
4347,voroux goreux
4350,lamine
4350,momalle
4350,pousset
4350,remicourt
4351,hodeige
4357,donceel
4357,haneffe
4357,jeneffe
4357,jeneffe lg 
4357,limont
4360,bergilers
4360,grandville
4360,lens sur geer
4360,oreye
4360,otrange
4367,crisnee
4367,fize le marsal
4367,kemexhe
4367,odeur
4367,thys
4400,awirs
4400,chokier
4400,flemalle
4400,flemalle grande
4400,flemalle haute
4400,gleixhe
4400,ivoz ramet
4400,mons lez liege
4420,montegnee
4420,saint nicolas
4420,saint nicolas lg 
4420,tilleur
4430,ans
4431,loncin
4432,alleur
4432,xhendremael
4450,juprelle
4450,lantin
4450,slins
4451,voroux lez liers
4452,paifve
4452,wihogne
4453,villers saint simeon
4458,fexhe slins
4460,bierset
4460,grace berleur
4460,grace hollogne
4460,hollogne aux pierres
4460,horion hozemont
4460,velroux
4470,saint georges sur meuse
4480,clermont sous huy
4480,ehein
4480,ehein engis 
4480,engis
4480,hermalle sous huy
4500,ben ahin
4500,huy
4500,tihange
4520,antheit
4520,bas oha
4520,huccorgne
4520,moha
4520,vinalmont
4520,wanze
4530,fize fontaine
4530,vaux et borset
4530,vieux waleffe
4530,villers le bouillet
4530,warnant dreye
4537,bodegnee
4537,chapon seraing
4537,seraing le chateau
4537,verlaine
4540,amay
4540,ampsin
4540,flone
4540,jehay
4540,ombret
4550,nandrin
4550,saint severin
4550,villers le temple
4550,yernee fraineux
4557,abee
4557,fraiture
4557,ramelot
4557,seny
4557,soheit tinlot
4557,tinlot
4560,bois et borsu
4560,clavier
4560,les avins
4560,ocquier
4560,pailhe
4560,terwagne
4570,marchin
4570,vyle et tharoul
4577,modave
4577,outrelouxhe
4577,stree lez huy
4577,vierset barse
4590,ellemelle
4590,ouffet
4590,warzee
4600,lanaye
4600,lixhe
4600,richelle
4600,vise
4601,argenteau
4602,cheratte
4606,saint andre
4607,berneau
4607,bombaye
4607,dalhem
4607,feneur
4607,mortroux
4608,neufchateau
4608,neufchateau lg 
4608,warsage
4610,bellaire
4610,beyne heusay
4610,queue du bois
4620,fleron
4621,retinne
4623,magnee
4624,romsee
4630,ayeneux
4630,micheroux
4630,soumagne
4630,tignee
4631,evegnee
4632,cerexhe heuseux
4633,melen
4650,chaineux
4650,grand rechain
4650,herve
4650,julemont
4651,battice
4652,xhendelesse
4653,bolland
4654,charneux
4670,blegny
4670,mortier
4670,trembleur
4671,barchon
4671,housse
4671,saive
4672,saint remy
4672,saint remy lg 
4680,hermee
4680,oupeye
4681,hermalle sous argenteau
4682,heure le romain
4682,houtain saint simeon
4683,vivegnis
4684,haccourt
4690,bassenge
4690,boirs
4690,eben emael
4690,glons
4690,roclenge sur geer
4690,wonck
4700,eupen
4701,kettenis
4710,lontzen
4711,walhorn
4720,kelmis
4720,la calamine
4721,neu moresnet
4728,hergenrath
4730,hauset
4730,raeren
4731,eynatten
4750,butgenbach
4750,elsenborn
4760,bullange
4760,bullingen
4760,manderfeld
4761,rocherath
4770,ambleve
4770,amel
4770,meyerode
4770,meyrode
4771,heppenbach
4780,recht
4780,saint vith
4780,sankt vith
4782,schoenberg
4782,schonberg
4783,lommersweiler
4784,crombach
4790,burg reuland
4790,reuland
4791,thommen
4800,ensival
4800,lambermont
4800,petit rechain
4800,polleur
4800,polleur verviers 
4800,verviers
4801,stembert
4802,heusy
4820,dison
4821,andrimont
4830,limbourg
4831,bilstain
4834,goe
4837,baelen
4837,baelen lg 
4837,membach
4840,welkenraedt
4841,henri chapelle
4845,jalhay
4845,sart lez spa
4850,montzen
4850,moresnet
4850,plombieres
4851,gemmenich
4851,sippenaeken
4852,hombourg
4860,cornesse
4860,pepinster
4860,wegnez
4861,soiron
4870,foret
4870,fraipont
4870,nessonvaux
4870,trooz
4877,olne
4880,aubel
4890,clermont
4890,clermont lg 
4890,thimister
4890,thimister clermont
4900,spa
4910,la reid
4910,polleur
4910,polleur theux 
4910,theux
4920,aywaille
4920,ernonheid
4920,harze
4920,louveigne
4920,louveigne aywaille 
4920,sougne remouchamps
4950,faymonville
4950,robertville
4950,sourbrodt
4950,waimes
4950,weismes
4960,bellevaux ligneuville
4960,beverce
4960,malmedy
4970,francorchamps
4970,stavelot
4980,fosse
4980,fosse lg 
4980,trois ponts
4980,wanne
4983,basse bodeux
4987,chevron
4987,la gleize
4987,lorce
4987,rahier
4987,stoumont
4990,arbrefontaine
4990,bra
4990,lierneux
5000,beez
5000,namur
5001,belgrade
5002,saint servais
5003,saint marc
5004,bouge
5010,sa sudpresse
5012,parlement wallon
5020,champion
5020,daussoulx
5020,flawinne
5020,malonne
5020,suarlee
5020,temploux
5020,vedrin
5021,boninne
5022,cognelee
5024,gelbressee
5024,marche les dames
5030,beuzet
5030,ernage
5030,gembloux
5030,grand manil
5030,lonzee
5030,sauveniere
5031,grand leez
5032,bossiere
5032,bothey
5032,corroy le chateau
5032,isnes
5032,mazy
5060,arsimont
5060,auvelais
5060,falisolle
5060,keumiee
5060,moignelee
5060,sambreville
5060,tamines
5060,velaine sur sambre
5070,aisemont
5070,fosses la ville
5070,le roux
5070,sart eustache
5070,sart saint laurent
5070,vitrival
5080,emines
5080,la bruyere
5080,rhisnes
5080,villers lez heest
5080,warisoulx
5081,bovesse
5081,meux
5081,saint denis bovesse
5100,dave
5100,jambes
5100,jambes namur 
5100,naninne
5100,wepion
5100,wierde
5101,erpent
5101,lives sur meuse
5101,loyers
5140,boignee
5140,ligny
5140,sombreffe
5140,tongrinne
5150,floreffe
5150,floriffoux
5150,franiere
5150,soye
5150,soye nam 
5170,arbre
5170,arbre nam 
5170,bois de villers
5170,lesve
5170,lustin
5170,profondeville
5170,riviere
5190,balatre
5190,ham sur sambre
5190,jemeppe sur sambre
5190,mornimont
5190,moustier sur sambre
5190,onoz
5190,saint martin
5190,spy
5300,andenne
5300,bonneville
5300,coutisse
5300,landenne
5300,maizeret
5300,nameche
5300,sclayn
5300,seilles
5300,thon
5300,vezin
5310,aische en refail
5310,bolinne
5310,boneffe
5310,branchon
5310,dhuy
5310,eghezee
5310,hanret
5310,leuze
5310,leuze nam 
5310,liernu
5310,longchamps
5310,longchamps nam 
5310,mehaigne
5310,noville sur mehaigne
5310,saint germain
5310,taviers
5310,taviers nam 
5310,upigny
5310,waret la chaussee
5330,assesse
5330,maillen
5330,sart bernard
5332,crupet
5333,sorinne la longue
5334,floree
5336,courriere
5340,faulx les tombes
5340,gesves
5340,haltinne
5340,mozet
5340,soree
5350,evelette
5350,ohey
5351,haillot
5352,perwez haillot
5353,goesnes
5354,jallet
5360,hamois
5360,natoye
5361,mohiville
5361,scy
5362,achet
5363,emptinne
5364,schaltin
5370,barvaux condroz
5370,flostoy
5370,havelange
5370,jeneffe
5370,jeneffe nam 
5370,porcheresse
5370,porcheresse nam 
5370,verlee
5372,mean
5374,maffe
5376,miecret
5377,baillonville
5377,bonsin
5377,heure
5377,heure nam 
5377,hogne
5377,nettinne
5377,noiseux
5377,sinsin
5377,somme leuze
5377,waillet
5380,bierwart
5380,cortil wodon
5380,fernelmont
5380,forville
5380,franc waret
5380,hemptinne
5380,hemptinne fernelmont 
5380,hingeon
5380,marchovelette
5380,noville les bois
5380,pontillas
5380,tillier
5500,anseremme
5500,bouvignes sur meuse
5500,dinant
5500,drehance
5500,falmagne
5500,falmignoul
5500,furfooz
5501,lisogne
5502,thynes
5503,sorinnes
5504,foy notre dame
5520,anthee
5520,onhaye
5521,serville
5522,falaen
5523,sommiere
5523,weillen
5524,gerin
5530,dorinne
5530,durnal
5530,evrehailles
5530,godinne
5530,houx
5530,mont
5530,mont nam 
5530,purnode
5530,spontin
5530,yvoir
5537,anhee
5537,annevoie rouillon
5537,bioul
5537,denee
5537,haut le wastia
5537,sosoye
5537,warnant
5540,hastiere
5540,hastiere lavaux
5540,hermeton sur meuse
5540,waulsort
5541,hastiere par dela
5542,blaimont
5543,heer
5544,agimont
5550,alle
5550,bagimont
5550,bohan
5550,chairiere
5550,laforet
5550,membre
5550,mouzaive
5550,nafraiture
5550,orchimont
5550,pussemange
5550,sugny
5550,vresse sur semois
5555,baillamont
5555,bellefontaine
5555,bellefontaine nam 
5555,bievre
5555,cornimont
5555,graide
5555,gros fays
5555,monceau en ardenne
5555,naome
5555,oizy
5555,petit fays
5560,ciergnon
5560,finnevaux
5560,houyet
5560,hulsonniaux
5560,mesnil eglise
5560,mesnil saint blaise
5561,celles
5561,celles nam 
5562,custinne
5563,hour
5564,wanlin
5570,baronville
5570,beauraing
5570,dion
5570,felenne
5570,feschaux
5570,honnay
5570,javingue
5570,voneche
5570,wancennes
5570,winenne
5571,wiesme
5572,focant
5573,martouzin neuville
5574,pondrome
5575,bourseigne neuve
5575,bourseigne vieille
5575,gedinne
5575,houdremont
5575,louette saint denis
5575,louette saint pierre
5575,malvoisin
5575,patignies
5575,rienne
5575,sart custinne
5575,vencimont
5575,willerzie
5576,froidfontaine
5580,ave et auffe
5580,buissonville
5580,eprave
5580,han sur lesse
5580,jemelle
5580,lavaux saint anne
5580,lavaux sainte anne
5580,lessive
5580,mont gauthier
5580,rochefort
5580,villers sur lesse
5580,wavreille
5589,jemelle
5590,achene
5590,braibant
5590,chevetogne
5590,ciney
5590,conneux
5590,haversin
5590,leignon
5590,pessoux
5590,serinchamps
5590,sovet
5600,fagnolle
5600,franchimont
5600,jamagne
5600,jamiolle
5600,merlemont
5600,neuville
5600,neuville philippeville 
5600,omezee
5600,philippeville
5600,roly
5600,romedenne
5600,samart
5600,sart en fagne
5600,sautour
5600,surice
5600,villers en fagne
5600,villers le gambon
5600,vodecee
5620,corenne
5620,flavion
5620,florennes
5620,hemptinne lez florennes
5620,morville
5620,rosee
5620,saint aubin
5621,hanzinelle
5621,hanzinne
5621,morialme
5621,thy le baudouin
5621,thy le bauduin
5630,cerfontaine
5630,daussois
5630,senzeille
5630,silenrieux
5630,soumoy
5630,villers deux eglises
5640,biesme
5640,biesmeree
5640,graux
5640,mettet
5640,oret
5640,saint gerard
5641,furnaux
5644,ermeton sur biert
5646,stave
5650,castillon
5650,chastres
5650,clermont
5650,clermont nam 
5650,fontenelle
5650,fraire
5650,pry
5650,vogenee
5650,walcourt
5650,yves gomezee
5651,berzee
5651,gourdinne
5651,laneffe
5651,rognee
5651,somzee
5651,tarcienne
5651,thy le chateau
5660,aublain
5660,boussu en fagne
5660,bruly
5660,bruly de pesche
5660,couvin
5660,cul des sarts
5660,dailly
5660,frasnes
5660,frasnes nam 
5660,gonrieux
5660,mariembourg
5660,pesche
5660,petigny
5660,petite chapelle
5660,presgaux
5670,dourbes
5670,le mesnil
5670,mazee
5670,nismes
5670,oignies en thierache
5670,olloy sur viroin
5670,treignes
5670,vierves sur viroin
5670,viroinval
5680,doische
5680,gimnee
5680,gochenee
5680,matagne la grande
5680,matagne la petite
5680,niverlee
5680,romeree
5680,soulme
5680,vaucelles
5680,vodelee
6000,charleroi
6001,marcinelle
6010,couillet
6020,dampremy
6030,goutroux
6030,marchienne au pont
6031,monceau sur sambre
6032,mont sur marchienne
6040,jumet
6040,jumet charleroi 
6041,gosselies
6042,lodelinsart
6043,ransart
6044,roux
6060,gilly
6060,gilly charleroi 
6061,montignies sur sambre
6075,csm charleroi x
6099,charleroi x
6110,montigny le tilleul
6111,landelies
6120,cour sur heure
6120,ham sur heure
6120,ham sur heure nalinnes
6120,jamioulx
6120,marbaix
6120,marbaix ht 
6120,nalinnes
6140,fontaine l eveque
6141,forchies la marche
6142,leernes
6150,anderlues
6180,courcelles
6181,gouy lez pieton
6182,souvret
6183,trazegnies
6200,bouffioulx
6200,chatelet
6200,chatelineau
6210,frasnes lez gosselies
6210,les bons villers
6210,reves
6210,villers perwin
6210,wayaux
6211,mellet
6220,fleurus
6220,heppignies
6220,lambusart
6220,wangenies
6221,saint amand
6222,brye
6223,wagnelee
6224,wanfercee baulet
6230,buzet
6230,obaix
6230,pont a celles
6230,thimeon
6230,viesville
6238,liberchies
6238,luttre
6240,farciennes
6240,pironchamps
6250,aiseau
6250,aiseau presles
6250,pont de loup
6250,presles
6250,roselies
6280,acoz
6280,gerpinnes
6280,gougnies
6280,joncret
6280,loverval
6280,villers poterie
6440,boussu lez walcourt
6440,fourbechies
6440,froidchapelle
6440,vergnies
6441,erpion
6460,bailievre
6460,chimay
6460,robechies
6460,saint remy
6460,saint remy ht 
6460,salles
6460,villers la tour
6461,virelles
6462,vaulx lez chimay
6463,lompret
6464,baileux
6464,bourlers
6464,forges
6464,l escaillere
6464,riezes
6470,grandrieu
6470,montbliart
6470,rance
6470,sautin
6470,sivry
6470,sivry rance
6500,barbencon
6500,beaumont
6500,leugnies
6500,leval chaudeville
6500,renlies
6500,solre saint gery
6500,thirimont
6511,stree
6511,stree ht 
6530,leers et fosteau
6530,thuin
6531,biesme sous thuin
6532,ragnies
6533,biercee
6534,gozee
6536,donstiennes
6536,thuillies
6540,lobbes
6540,mont sainte genevieve
6542,sars la buissiere
6543,bienne lez happart
6560,bersillies l abbaye
6560,erquelinnes
6560,grand reng
6560,hantes wiheries
6560,montignies saint christophe
6560,montignies st christophe
6560,solre sur sambre
6567,fontaine valmont
6567,labuissiere
6567,merbes le chateau
6567,merbes sainte marie
6590,momignies
6591,macon
6592,monceau imbrechies
6593,macquenoise
6594,beauwelz
6596,forge philippe
6596,seloignes
6600,bastogne
6600,longvilly
6600,noville
6600,noville lux 
6600,villers la bonne eau
6600,wardin
6630,martelange
6637,fauvillers
6637,hollange
6637,tintange
6640,hompre
6640,morhet
6640,nives
6640,sibret
6640,vaux lez rosieres
6640,vaux sur sure
6642,juseret
6660,houffalize
6660,nadrin
6661,mont
6661,mont lux 
6661,tailles
6662,tavigny
6663,mabompre
6666,wibrin
6670,gouvy
6670,limerle
6671,bovigny
6672,beho
6673,cherain
6674,montleban
6680,amberloup
6680,sainte ode
6680,tillet
6681,lavacherie
6686,flamierge
6687,bertogne
6688,longchamps
6688,longchamps lux 
6690,bihain
6690,vielsalm
6692,petit thier
6698,grand halleux
6700,arlon
6700,bonnert
6700,heinsch
6700,toernich
6704,guirsch
6706,autelbas
6717,attert
6717,nobressart
6717,nothomb
6717,thiaumont
6717,tontelange
6720,habay
6720,habay la neuve
6720,hachy
6721,anlier
6723,habay la vieille
6724,houdemont
6724,rulles
6730,bellefontaine
6730,bellefontaine lux 
6730,rossignol
6730,saint vincent
6730,tintigny
6740,etalle
6740,sainte marie sur semois
6740,villers sur semois
6741,vance
6742,chantemelle
6743,buzenol
6747,chatillon
6747,meix le tige
6747,saint leger
6747,saint leger lux 
6750,musson
6750,mussy la ville
6750,signeulx
6760,bleid
6760,ethe
6760,ruette
6760,virton
6761,latour
6762,saint mard
6767,dampicourt
6767,harnoncourt
6767,lamorteau
6767,rouvroy
6767,torgny
6769,gerouville
6769,meix devant virton
6769,robelmont
6769,sommethonne
6769,villers la loue
6780,hondelange
6780,messancy
6780,wolkrange
6781,selange
6782,habergy
6790,aubange
6791,athus
6792,halanzy
6792,rachecourt
6800,bras
6800,freux
6800,libramont chevigny
6800,moircy
6800,recogne
6800,remagne
6800,sainte marie chevigny
6800,saint pierre
6810,chiny
6810,izel
6810,jamoigne
6811,les bulles
6812,suxy
6813,termes
6820,florenville
6820,fontenoille
6820,muno
6820,sainte cecile
6821,lacuisine
6823,villers devant orval
6824,chassepierre
6830,bouillon
6830,les hayons
6830,poupehan
6830,rochehaut
6831,noirefontaine
6831,noirfontaine
6832,sensenruth
6833,ucimont
6833,vivy
6834,bellevaux
6836,dohan
6838,corbion
6840,grandvoir
6840,grapfontaine
6840,hamipre
6840,longlier
6840,neufchateau
6840,tournay
6850,carlsbourg
6850,offagne
6850,paliseul
6851,nollevaux
6852,maissin
6852,opont
6853,framont
6856,fays les veneurs
6860,assenois
6860,ebly
6860,leglise
6860,mellier
6860,witry
6870,arville
6870,awenne
6870,hatrival
6870,mirwart
6870,saint hubert
6870,vesqueville
6880,auby sur semois
6880,bertrix
6880,cugnon
6880,jehonville
6880,orgeo
6887,herbeumont
6887,saint medard
6887,straimont
6890,anloy
6890,libin
6890,ochamps
6890,redu
6890,smuid
6890,transinne
6890,villance
6900,aye
6900,hargimont
6900,humain
6900,marche en famenne
6900,on
6900,roy
6900,waha
6920,sohier
6920,wellin
6921,chanly
6922,halma
6924,lomprez
6927,bure
6927,grupont
6927,resteigne
6927,tellin
6929,daverdisse
6929,gembes
6929,haut fays
6929,porcheresse
6929,porcheresse lux 
6940,barvaux sur ourthe
6940,durbuy
6940,grandhan
6940,septon
6940,weris
6941,bende
6941,bomal sur ourthe
6941,borlon
6941,heyd
6941,izier
6941,tohogne
6941,villers sainte gertrude
6950,harsin
6950,nassogne
6951,bande
6952,grune
6953,ambly
6953,forrieres
6953,lesterny
6953,masbourg
6960,dochamps
6960,grandmenil
6960,harre
6960,malempre
6960,manhay
6960,odeigne
6960,vaux chavanne
6970,tenneville
6971,champlon
6972,erneuville
6980,beausaint
6980,la roche en ardenne
6982,samree
6983,ortho
6984,hives
6986,halleux
6987,beffe
6987,hodister
6987,marcourt
6987,rendeux
6990,fronville
6990,hampteau
6990,hotton
6990,marenne
6997,amonines
6997,erezee
6997,mormont
6997,soy
7000,mons
7010,shape
7011,ghlin
7012,flenu
7012,jemappes
7020,casteau mons 
7020,maisieres
7020,masnuy saint jean mons 
7020,nimy
7020,nimy mons 
7021,havre
7021,ville sur haine mons 
7022,harmignies
7022,harveng
7022,hyon
7022,mesvin
7022,nouvelles
7024,ciply
7030,saint symphorien
7031,villers saint ghislain
7032,spiennes
7033,cuesmes
7034,obourg
7034,saint denis
7034,saint denis ht 
7040,asquillies
7040,aulnois
7040,blaregnies
7040,bougnies
7040,genly
7040,goegnies chaussee
7040,quevy
7040,quevy le grand
7040,quevy le petit
7041,givry
7041,havay
7050,erbaut
7050,erbisoeul
7050,herchies
7050,jurbise
7050,masnuy saint jean
7050,masnuy saint pierre
7050,masnuy st jean jurbise 
7060,horrues
7060,soignies
7061,casteau
7061,casteau soignies 
7061,thieusies
7062,naast
7063,chaussee notre dame louvignies
7063,ch notre dame louvignies
7063,neufvilles
7070,gottignies
7070,le roeulx
7070,mignault
7070,thieu
7070,ville sur haine
7070,ville sur haine le roeulx 
7080,eugies
7080,eugies frameries 
7080,frameries
7080,la bouverie
7080,noirchain
7080,sars la bruyere
7090,braine le comte
7090,hennuyeres
7090,henripont
7090,petit roeulx lez braine
7090,ronquieres
7090,steenkerque
7090,steenkerque ht 
7100,haine saint paul
7100,haine saint pierre
7100,la louviere
7100,saint vaast
7100,trivieres
7110,boussoit
7110,houdeng aimeries
7110,houdeng goegnies
7110,maurage
7110,strepy bracquegnies
7120,croix lez rouveroy
7120,estinnes
7120,estinnes au mont
7120,estinnes au val
7120,fauroeulx
7120,haulchin
7120,peissant
7120,rouveroy
7120,rouveroy ht 
7120,vellereille les brayeux
7120,vellereille le sec
7130,battignies
7130,binche
7130,bray
7131,waudrez
7133,buvrinnes
7134,epinois
7134,leval trahegnies
7134,peronnes lez binche
7134,ressaix
7140,morlanwelz
7140,morlanwelz mariemont
7141,carnieres
7141,mont sainte aldegonde
7160,chapelle lez herlaimont
7160,godarville
7160,pieton
7170,bellecourt
7170,bois d haine
7170,fayt lez manage
7170,la hestre
7170,manage
7180,seneffe
7181,arquennes
7181,familleureux
7181,feluy
7181,petit roeulx lez nivelles
7190,ecaussinnes
7190,ecaussinnes d enghien
7190,marche lez ecaussinnes
7191,ecaussinnes lalaing
7300,boussu
7301,hornu
7320,bernissart
7321,blaton
7321,harchies
7322,pommeroeul
7322,ville pommeroeul
7330,saint ghislain
7331,baudour
7332,neufmaison
7332,sirault
7333,tertre
7334,hautrage
7334,villerot
7340,colfontaine
7340,eugies colfontaine 
7340,paturages
7340,warquignies
7340,wasmes
7350,hainin
7350,hensies
7350,montroeul sur haine
7350,thulin
7370,blaugies
7370,dour
7370,elouges
7370,wiheries
7380,baisieux
7380,quievrain
7382,audregnies
7387,angre
7387,angreau
7387,athis
7387,autreppe
7387,erquennes
7387,fayt le franc
7387,honnelles
7387,marchipont
7387,montignies sur roc
7387,onnezies
7387,roisin
7390,quaregnon
7390,wasmuel
7500,ere
7500,paris
7500,saint maur
7500,tournai
7501,orcq
7502,esplechin
7503,froyennes
7504,froidmont
7506,willemeau
7510,3 suisses
7511,vitrine magique
7512,yves rocher
7513,yves rocher
7520,ramegnies chin
7520,templeuve
7521,chercq
7522,blandain
7522,hertain
7522,lamain
7522,marquain
7530,gaurain ramecroix
7531,havinnes
7532,beclers
7533,thimougies
7534,barry
7534,maulde
7536,vaulx
7536,vaulx tournai 
7538,vezon
7540,kain
7540,kain tournai 
7540,melles
7540,quartes
7540,rumillies
7542,mont saint aubert
7543,mourcourt
7548,warchin
7600,peruwelz
7601,roucourt
7602,bury
7603,bon secours
7604,baugnies
7604,braffe
7604,brasmenil
7604,callenelle
7604,wasmes audemez briffoeil
7608,wiers
7610,rumes
7611,la glanerie
7618,taintignies
7620,bleharies
7620,brunehaut
7620,guignies
7620,hollain
7620,jollain merlin
7620,wez velvain
7621,lesdain
7622,laplaigne
7623,rongy
7624,howardries
7640,antoing
7640,maubray
7640,peronnes lez antoing
7641,bruyelle
7642,calonne
7643,fontenoy
7700,luingne
7700,moeskroen
7700,mouscron
7711,dottenijs
7711,dottignies
7712,herseaux
7730,bailleul
7730,estaimbourg
7730,estaimpuis
7730,evregnies
7730,leers nord
7730,nechin
7730,saint leger
7730,saint leger ht 
7740,pecq
7740,warcoing
7742,herinnes lez pecq
7743,esquelmes
7743,obigies
7750,amougies
7750,anseroeul
7750,mont de l enclus
7750,orroir
7750,russeignies
7760,celles
7760,celles ht 
7760,escanaffles
7760,molenbaix
7760,popuelles
7760,pottes
7760,velaines
7780,comines
7780,comines warneton
7780,komen
7780,komen waasten
7781,houthem
7781,houthem comines 
7782,ploegsteert
7783,bizet
7784,bas warneton
7784,neerwaasten
7784,waasten
7784,warneton
7800,ath
7800,lanquesaint
7801,irchonwelz
7802,ormeignies
7803,bouvignies
7804,ostiches
7804,rebaix
7810,maffle
7811,arbre
7811,arbre ht 
7812,houtaing
7812,ligne
7812,mainvault
7812,moulbaix
7812,villers notre dame
7812,villers saint amand
7822,ghislenghien
7822,isieres
7822,meslin l eveque
7823,gibecq
7830,bassilly
7830,fouleng
7830,gondregnies
7830,graty
7830,hellebecq
7830,hoves
7830,hoves ht 
7830,silly
7830,thoricourt
7850,edingen
7850,enghien
7850,lettelingen
7850,marcq
7850,mark
7850,petit enghien
7860,lessines
7861,papignies
7861,wannebecq
7862,ogy
7863,ghoy
7864,deux acren
7866,bois de lessines
7866,ollignies
7870,bauffe
7870,cambron saint vincent
7870,lens
7870,lombise
7870,montignies lez lens
7880,flobecq
7880,vloesberg
7890,ellezelles
7890,lahamaide
7890,wodecq
7900,grandmetz
7900,leuze en hainaut
7901,thieulain
7903,blicquy
7903,chapelle a oie
7903,chapelle a wattines
7904,pipaix
7904,tourpes
7904,willaupuis
7906,gallaix
7910,anvaing
7910,arc ainieres
7910,arc wattripont
7910,cordes
7910,ellignies lez frasnes
7910,forest
7910,forest ht 
7910,frasnes lez anvaing
7910,wattripont
7911,buissenal
7911,frasnes lez buissenal
7911,hacquegnies
7911,herquegies
7911,montroeul au bois
7911,moustier
7911,moustier ht 
7911,oeudeghien
7912,dergneau
7912,saint sauveur
7940,brugelette
7940,cambron casteau
7941,attre
7942,mevergnies lez lens
7943,gages
7950,chievres
7950,grosage
7950,huissignies
7950,ladeuze
7950,tongre saint martin
7951,tongre notre dame
7970,beloeil
7971,basecles
7971,ramegnies
7971,thumaide
7971,wadelincourt
7972,aubechies
7972,ellignies saint anne
7972,ellignies sainte anne
7972,quevaucamps
7973,grandglise
7973,stambruges
8000,brugge
8000,koolkerke
8020,hertsberge
8020,oostkamp
8020,ruddervoorde
8020,waardamme
8200,sint andries
8200,sint michiels
8210,loppem
8210,veldegem
8210,zedelgem
8211,aartrijke
8300,knokke
8300,knokke heist
8300,westkapelle
8301,heist aan zee
8301,ramskapelle
8301,ramskapelle knokke heist 
8310,assebroek
8310,sint kruis
8310,sint kruis brugge 
8340,damme
8340,hoeke
8340,lapscheure
8340,moerkerke
8340,oostkerke
8340,oostkerke damme 
8340,sijsele
8370,blankenberge
8370,uitkerke
8377,houtave
8377,meetkerke
8377,nieuwmunster
8377,zuienkerke
8380,dudzele
8380,lissewege
8380,zeebrugge
8380,zeebrugge brugge 
8400,oostende
8400,stene
8400,zandvoorde
8400,zandvoorde oostende 
8420,de haan
8420,klemskerke
8420,wenduine
8421,vlissegem
8430,middelkerke
8431,wilskerke
8432,leffinge
8433,mannekensvere
8433,schore
8433,sint pieters kapelle
8433,slijpe
8433,st pieters kapelle w vl 
8434,lombardsijde
8434,westende
8450,bredene
8460,ettelgem
8460,oudenburg
8460,roksem
8460,westkerke
8470,gistel
8470,moere
8470,snaaskerke
8470,zevekote
8480,bekegem
8480,eernegem
8480,ichtegem
8490,jabbeke
8490,snellegem
8490,stalhille
8490,varsenare
8490,zerkegem
8500,kortrijk
8501,bissegem
8501,heule
8510,bellegem
8510,kooigem
8510,marke
8510,marke kortrijk 
8510,rollegem
8511,aalbeke
8520,kuurne
8530,harelbeke
8531,bavikhove
8531,hulste
8540,deerlijk
8550,zwevegem
8551,heestert
8552,moen
8553,otegem
8554,sint denijs
8560,gullegem
8560,moorsele
8560,wevelgem
8570,anzegem
8570,gijzelbrechtegem
8570,ingooigem
8570,vichte
8572,kaster
8573,tiegem
8580,avelgem
8581,kerkhove
8581,waarmaarde
8582,outrijve
8583,bossuit
8587,espierres
8587,espierres helchin
8587,helchin
8587,helkijn
8587,spiere
8587,spiere helkijn
8600,beerst
8600,diksmuide
8600,driekapellen
8600,esen
8600,kaaskerke
8600,keiem
8600,lampernisse
8600,leke
8600,nieuwkapelle
8600,oostkerke
8600,oostkerke diksmuide 
8600,oudekapelle
8600,pervijze
8600,sint jacobs kapelle
8600,stuivekenskerke
8600,vladslo
8600,woumen
8610,handzame
8610,kortemark
8610,werken
8610,zarren
8620,nieuwpoort
8620,ramskapelle
8620,ramskapelle nieuwpoort 
8620,sint joris
8620,sint joris nieuwpoort 
8630,avekapelle
8630,booitshoeke
8630,bulskamp
8630,de moeren
8630,eggewaartskapelle
8630,houtem
8630,houtem w vl 
8630,steenkerke
8630,steenkerke w vl 
8630,veurne
8630,vinkem
8630,wulveringem
8630,zoutenaaie
8640,oostvleteren
8640,vleteren
8640,westvleteren
8640,woesten
8647,lo
8647,lo reninge
8647,noordschote
8647,pollinkhove
8647,reninge
8650,houthulst
8650,klerken
8650,merkem
8660,adinkerke
8660,de panne
8670,koksijde
8670,oostduinkerke
8670,wulpen
8680,bovekerke
8680,koekelare
8680,zande
8690,alveringem
8690,hoogstade
8690,oeren
8690,sint rijkers
8691,beveren aan de ijzer
8691,beveren aan den ijzer
8691,gijverinkhove
8691,izenberge
8691,leisele
8691,stavele
8700,aarsele
8700,kanegem
8700,schuiferskapelle
8700,tielt
8710,ooigem
8710,sint baafs vijve
8710,wielsbeke
8720,dentergem
8720,markegem
8720,oeselgem
8720,wakken
8730,beernem
8730,oedelem
8730,sint joris
8730,sint joris beernem 
8740,egem
8740,pittem
8750,wingene
8750,zwevezele
8755,ruiselede
8760,meulebeke
8770,ingelmunster
8780,oostrozebeke
8790,waregem
8791,beveren
8791,beveren leie 
8792,desselgem
8793,sint eloois vijve
8800,beveren
8800,beveren roeselare 
8800,oekene
8800,roeselare
8800,rumbeke
8810,lichtervelde
8820,torhout
8830,gits
8830,hooglede
8840,oostnieuwkerke
8840,staden
8840,westrozebeke
8850,ardooie
8851,koolskamp
8860,lendelede
8870,emelgem
8870,izegem
8870,kachtem
8880,ledegem
8880,rollegem kapelle
8880,sint eloois winkel
8890,dadizele
8890,moorslede
8900,brielen
8900,dikkebus
8900,ieper
8900,sint jan
8902,hollebeke
8902,voormezele
8902,zillebeke
8904,boezinge
8904,zuidschote
8906,elverdinge
8908,vlamertinge
8920,bikschote
8920,langemark
8920,langemark poelkapelle
8920,poelkapelle
8930,lauwe
8930,menen
8930,rekkem
8940,geluwe
8940,wervik
8950,heuvelland
8950,nieuwkerke
8951,dranouter
8952,wulvergem
8953,wijtschate
8954,westouter
8956,kemmel
8957,mesen
8957,messines
8958,loker
8970,poperinge
8970,reningelst
8972,krombeke
8972,proven
8972,roesbrugge haringe
8978,watou
8980,beselare
8980,geluveld
8980,passendale
8980,zandvoorde
8980,zandvoorde zonnebeke 
8980,zonnebeke
9000,gent
9030,mariakerke
9030,mariakerke gent 
9031,drongen
9032,wondelgem
9040,sint amandsberg
9041,oostakker
9042,desteldonk
9042,mendonk
9042,sint kruis winkel
9050,gentbrugge
9050,ledeberg
9050,ledeberg gent 
9051,afsnee
9051,sint denijs westrem
9052,zwijnaarde
9060,zelzate
9070,destelbergen
9070,heusden
9070,heusden o vl 
9075,csm gent x
9080,beervelde
9080,lochristi
9080,zaffelare
9080,zeveneken
9090,gontrode
9090,melle
9099,gent x
9100,nieuwkerken waas
9100,sint niklaas
9111,belsele
9112,sinaai waas
9120,beveren waas
9120,haasdonk
9120,kallo
9120,kallo beveren waas 
9120,melsele
9120,vrasene
9130,doel
9130,kallo
9130,kallo kieldrecht 
9130,kieldrecht
9130,kieldrecht beveren 
9130,verrebroek
9140,elversele
9140,steendorp
9140,temse
9140,tielrode
9150,bazel
9150,kruibeke
9150,rupelmonde
9160,daknam
9160,eksaarde
9160,lokeren
9170,de klinge
9170,meerdonk
9170,sint gillis waas
9170,sint pauwels
9180,moerbeke waas
9185,wachtebeke
9190,kemzeke
9190,stekene
9200,appels
9200,baasrode
9200,dendermonde
9200,grembergen
9200,mespelare
9200,oudegem
9200,schoonaarde
9200,sint gillis dendermonde
9200,st gillis bij dendermonde
9220,hamme
9220,hamme o vl 
9220,moerzeke
9230,massemen
9230,westrem
9230,wetteren
9240,zele
9250,waasmunster
9255,buggenhout
9255,opdorp
9260,schellebelle
9260,serskamp
9260,wichelen
9270,kalken
9270,laarne
9280,denderbelle
9280,lebbeke
9280,wieze
9290,berlare
9290,overmere
9290,uitbergen
9300,aalst
9308,gijzegem
9308,hofstade
9308,hofstade o vl 
9310,baardegem
9310,herdersem
9310,meldert
9310,meldert o vl 
9310,moorsel
9320,erembodegem
9320,nieuwerkerken
9320,nieuwerkerken aalst 
9340,impe
9340,lede
9340,oordegem
9340,smetlede
9340,wanzele
9400,appelterre eichem
9400,denderwindeke
9400,lieferinge
9400,nederhasselt
9400,ninove
9400,okegem
9400,voorde
9401,pollare
9402,meerbeke
9403,neigem
9404,aspelare
9406,outer
9420,aaigem
9420,bambrugge
9420,burst
9420,erondegem
9420,erpe
9420,erpe mere
9420,mere
9420,ottergem
9420,vlekkem
9450,denderhoutem
9450,haaltert
9450,heldergem
9451,kerksken
9470,denderleeuw
9472,iddergem
9473,welle
9500,geraardsbergen
9500,goeferdinge
9500,moerbeke
9500,nederboelare
9500,onkerzele
9500,ophasselt
9500,overboelare
9500,viane
9500,zarlardinge
9506,grimminge
9506,idegem
9506,nieuwenhove
9506,schendelbeke
9506,smeerebbe vloerzegem
9506,waarbeke
9506,zandbergen
9520,bavegem
9520,oombergen
9520,oomb st lievens houtem 
9520,sint lievens houtem
9520,vlierzele
9520,zonnegem
9521,letterhoutem
9550,herzele
9550,hillegem
9550,sint antelinks
9550,sint lievens esse
9550,steenhuize wijnhuize
9550,woubrechtegem
9551,ressegem
9552,borsbeke
9570,deftinge
9570,lierde
9570,sint maria lierde
9571,hemelveerdegem
9572,sint martens lierde
9600,renaix
9600,ronse
9620,elene
9620,erwetegem
9620,godveerdegem
9620,grotenberge
9620,leeuwergem
9620,oombergen
9620,oombergen zottegem 
9620,sint goriks oudenhove
9620,sint maria oudenhove
9620,st maria oudenhove zott 
9620,strijpen
9620,velzeke ruddershove
9620,zottegem
9630,beerlegem
9630,dikkele
9630,hundelgem
9630,meilegem
9630,munkzwalm
9630,paulatem
9630,roborst
9630,rozebeke
9630,sint blasius boekel
9630,sint denijs boekel
9630,sint maria latem
9630,zwalm
9636,nederzwalm hermelgem
9660,brakel
9660,elst
9660,everbeek
9660,michelbeke
9660,nederbrakel
9660,opbrakel
9660,sint maria oudenhove
9660,st maria oudenhove brakel 
9660,zegelsem
9661,parike
9667,horebeke
9667,sint kornelis horebeke
9667,sint maria horebeke
9680,etikhove
9680,maarkedal
9680,maarke kerkem
9681,nukerke
9688,schorisse
9690,berchem
9690,berchem o vl 
9690,kluisbergen
9690,kwaremont
9690,ruien
9690,zulzeke
9700,bevere
9700,edelare
9700,eine
9700,ename
9700,heurne
9700,leupegem
9700,mater
9700,melden
9700,mullem
9700,nederename
9700,ooike
9700,ooike oudenaarde 
9700,oudenaarde
9700,volkegem
9700,welden
9750,huise
9750,ouwegem
9750,zingem
9770,kruishoutem
9771,nokere
9772,wannegem lede
9790,elsegem
9790,moregem
9790,ooike
9790,ooike wortegem petegem 
9790,petegem aan de schelde
9790,wortegem
9790,wortegem petegem
9800,astene
9800,bachte maria leerne
9800,deinze
9800,gottem
9800,grammene
9800,meigem
9800,petegem aan de leie
9800,sint martens leerne
9800,vinkt
9800,wontergem
9800,zeveren
9810,eke
9810,nazareth
9820,bottelare
9820,lemberge
9820,melsen
9820,merelbeke
9820,munte
9820,schelderode
9830,sint martens latem
9831,deurle
9840,de pinte
9840,zevergem
9850,hansbeke
9850,landegem
9850,merendree
9850,nevele
9850,poesele
9850,vosselare
9860,balegem
9860,gijzenzele
9860,landskouter
9860,moortsele
9860,oosterzele
9860,scheldewindeke
9870,machelen
9870,machelen o vl 
9870,olsene
9870,zulte
9880,aalter
9880,lotenhulle
9880,poeke
9881,bellem
9890,asper
9890,baaigem
9890,dikkelvenne
9890,gavere
9890,semmerzake
9890,vurste
9900,eeklo
9910,knesselare
9910,ursel
9920,lovendegem
9921,vinderhoute
9930,zomergem
9931,oostwinkel
9932,ronsele
9940,ertvelde
9940,evergem
9940,kluizen
9940,sleidinge
9950,waarschoot
9960,assenede
9961,boekhoute
9968,bassevelde
9968,oosteeklo
9970,kaprijke
9971,lembeke
9980,sint laureins
9981,sint margriete
9982,sint jan in eremo
9988,waterland oudeman
9988,watervliet
9990,maldegem
9991,adegem
9992,middelburg
